field	value
benchmark_id	arabidopsis_nglyco_msviewer_6mvcoan57m
organism	Arabidopsis thaliana
project	MSV000079345 / MSViewer 6mvcoan57m
protein	AT1G01300.1
sequence	NVTHAPRPGGFSSSVVSGLSQGSGEYFTR
modified_position	1
protein_position	117
mass_shift_da	203.079372533
modification	HexNAc
precursor_mz	796.8908
precursor_charge	4
spectrum_title	Scan 3863 (rt=34.317) [V20141028-30ETD]
fragmentation	ETD
retention_time_minutes	34.317
score	58.2
expectation	9e-09
source_table	Supplement2.xlsx, S Table1 FOR MS VIEWER, row 2
source_mgf_url	https://msviewer.ucsf.edu/prospector/results/msviewer/6/m/6mvcoan57m/Arab_glyco_ETD/V20141028-30ETD_pp.mgf
source_table_url	https://massive.ucsd.edu/ProteoSAFe/DownloadResultFile?file=f.MSV000079345%2Fresult%2Fresults%2FSupplement2.xlsx&forceDownload=true
viewer_url	https://msviewer.ucsf.edu/prospector/cgi-bin/mssearch.cgi?search_name=msviewer&search_key=6mvcoan57m
paper_url	https://pmc.ncbi.nlm.nih.gov/articles/PMC5083099/
source_mgf_sha256	bec7163d4f1bbbe98194374226b7c14928087106b6c642ee6f9796226996ef9a
extracted_mgf_sha256	5848581a8ec734edae8da951da619b643d4cf3d65ed3d7de7cd24bea810dce70
peak_count	411
